kind,boss,location
B4_add_boss_to_location_list,Lichdragon Fortissax,Deeproot Depths
B4_add_boss_to_location_list,Dancer of Ranah,Southern Nameless Mausoleum
B4_add_boss_to_location_list,"Margit, the Fell Omen (Stormveil Castle)",Stormveil Castle
B4_add_boss_to_location_list,Death Rite Bird,Academy Gate Town
B4_add_boss_to_location_list,Fallingstar Beast,Finger Ruins of Dheo
B4_add_boss_to_location_list,"Rick, Soldier Of God",Stranded Graveyard
B4_add_boss_to_location_list,Crucible Knights,Stormveil Castle
B4_add_boss_to_location_list,Crucible Knights,Siofra River
B4_add_boss_to_location_list,Crucible Knights,Siofra Aqueduct
B4_add_boss_to_location_list,Crucible Knights,"Leyndell, Royal Capital"
B4_add_boss_to_location_list,Erdtree Avatar,Deeproot Depths
B4_add_boss_to_location_list,Ulcerated Tree Spirit,"Leyndell, Royal Capital"
B4_add_boss_to_location_list,Ulcerated Tree Spirit,"Leyndell, Ashen Capital"
B4_add_boss_to_location_list,Ulcerated Tree Spirit,Belurat Tower Settlement
B4_add_boss_to_location_list,Crucible Knight Siluria,Deeproot Depths
B4_add_boss_to_location_list,Deathbird,Warmaster's Shack
B4_add_boss_to_location_list,Fia's Champions,Deeproot Depths
B4_add_boss_to_location_list,Magma Wyrm,Dragon's Pit
B4_add_boss_to_location_list,Misbegotten Warrior,Redmane Castle
B4_add_boss_to_location_list,"Mohg, the Omen",Subterranean Shunning-Grounds
B4_add_boss_to_location_list,Nox Swordstress & Nox Monk,"Sellia, Town of Sorcery"
B4_add_boss_to_location_list,Putrid Avatar,Minor Erdtree (Caelid)
B4_add_boss_to_location_list,Putrid Tree Spirit,Elphael Brace of the Haligtree
B4_add_boss_to_location_list,Wormface,Minor Erdtree (Mt. Gelmir)
CONFIRMED_add_boss_to_location_list,Spiritcaller Snail,Spiritcaller Cave
CONFIRMED_add_boss_to_location_list,Mimic Tear,Hidden Path to the Haligtree
CONFIRMED_add_boss_to_location_list,Messmer the Impaler,Shadow Keep
CONFIRMED_add_boss_to_location_list,Base Serpent Messmer,Shadow Keep
CONFIRMED_add_boss_to_location_list,Golem,Stormhill
CONFIRMED_add_boss_to_location_list,Golem,Castle Morne
CONFIRMED_add_boss_to_location_list,Golem,Ainsel River Well
CONFIRMED_remove_boss_from_location_list,Ancestor Spirit,Mistwood
CONFIRMED_remove_boss_from_location_list,Dragonkin Soldier,Mistwood
CONFIRMED_remove_boss_from_location_list,Tibia Mariner,Mistwood
CONFIRMED_remove_boss_from_location_list,Erdtree Avatar,Minor Erdtree (Caelid)
CONFIRMED_remove_boss_from_location_list,Fire Giant,Forge of the Giants
CONFIRMED_remove_boss_from_location_list,Golem,Ainsel River
CONFIRMED_remove_boss_from_location_list,Grafted Scion,Stormveil Castle
CONFIRMED_remove_boss_from_location_list,"Jori, Elder Inquisitor",Darklight Catacombs
CONFIRMED_remove_boss_from_location_list,Miranda The Blighted Bloom,Perfumer's Grotto
CONFIRMED_remove_boss_from_location_list,Omenkiller,Perfumer's Grotto
CONFIRMED_remove_boss_from_location_list,"Mohg, Lord of Blood",Mohgwyn Dynasty Mausoleum
CONFIRMED_remove_boss_from_location_list,Sanguine Noble,Second Church of Marika
CONFIRMED_remove_boss_from_location_list,Starscourge Radahn,Wailing Dunes
CONFIRMED_remove_boss_from_location_list,Valiant Gargoyle,"Nokron, Eternal City"
CONFIRMED_remove_boss_from_location_list,Fell Twins,Divine Tower of East Altus
A1_add_boss_row,Swordhand of Night Anna,Cathedral of Manus Metyr
A1_add_boss_row,Swordhand of Night Jolan,Cathedral of Manus Metyr
A1_skipped_same_name_npc_or_creature_exists,Fire Knight Queelign,Church of the Crusade
A1_skipped_same_name_npc_or_creature_exists,Furnace Golem,Ruins of Unte
A1_skipped_same_name_npc_or_creature_exists,Mad Tongue Alberich,Roundtable Hold
A1_skipped_same_name_npc_or_creature_exists,Ensha,Roundtable Hold
A1_skipped_same_name_npc_or_creature_exists,Soldier of Godrick,Stranded Graveyard
A1_skipped_same_name_npc_or_creature_exists,Preceptor Miriam,Carian Study Hall
A1_add_boss_row,Lion Misbegotten Warrior,Redmane Castle
A1_add_boss_row,Nox Swordstress & Nox Priest,"Sellia, Town of Sorcery"
A1_skipped_part_of_existing_boss_row,Perfumer Tricia,Unsightly Catacombs
A1_add_boss_row,Elden Beast,"Leyndell, Ashen Capital"
A1_skipped_same_name_npc_or_creature_exists,Gurranq,Bestial Sanctum
A1_add_boss_row,Elder Dragon Greyoll,Fort Faroth
A1_add_boss_row,Putrid Crystalians,Sellia Hideaway
A1_add_boss_row,Stray Mimic Tear,Forbidden Lands
A1_skipped_same_name_npc_or_creature_exists,Chief Guardian Arghanthy,Guardians' Garrison
A1_add_boss_row,Stray Mimic Tear,Hidden Path to the Haligtree
A1_add_boss_row,Walking Mausoleum,Deeproot Depths
