how,text,matched_to,label
cleaned,"Talisman Pouch (NG only, Margit not defeated)",Talisman Pouch,Item
cleaned,Scadutree Fragment x2,Scadutree Fragment,Item
alias,Jagged Peak Foothills,Foot of the Jagged Peak,Location
cleaned,"Talisman Pouch (NG only, Morgott not defeated)",Talisman Pouch,Item
cleaned,Viridian Amber Medallion +1,Viridian Amber Medallion +1 Variant,Talisman
cleaned,"5,000, Dragon Heart",Dragon Heart,Item
cleaned,Dragon Heart x3,Dragon Heart,Item
cleaned,"38,000, Dragon Heart",Dragon Heart,Item
cleaned,Godskin Swaddling Cloth x1,Godskin Swaddling Cloth,Talisman
cleaned,Black Flame Ritual x1,Black Flame Ritual,Spell
cleaned,Smithing-Stone Miner's Bell Bearing [4] (NG only),Smithing-Stone Miner's Bell Bearing [4],Item
cleaned,Crimson Amber Medallion +3,Crimson Amber Medallion +3 Variant,Talisman
cleaned,Cerulean Amber Medallion +3,Cerulean Amber Medallion +3 Variant,Talisman
cleaned,Smithing Stone (7) x5,Smithing Stone [7],Item
cleaned,Gravity Stone Chunk x4,Gravity Stone Chunk,Item
cleaned,Smithing Stone (6) x5,Smithing Stone [6],Item
cleaned,Banished Knight Engvall Ashes,Banished Knight Engvall,SpiritAsh
typo,Spiritcaller's Cave,Spiritcaller Cave,Location
cleaned,Immunizing Horn Charm +2,Immunizing Horn Charm +2 Variant,Talisman
cleaned,Iris of Occultation (Rotunda),Iris of Occultation,Item
cleaned,Mantle of Thorns (Courtyard),Mantle of Thorns,Spell
cleaned,Somber Smithing Stone [6] 1x,Somber Smithing Stone [6],Item
cleaned,Smithing Stone [6] x5,Smithing Stone [6],Item
cleaned,"4,600, Greatblade Phalanx",Greatblade Phalanx,Spell
cleaned,Smithing Stone (7) x5,Smithing Stone [7],Item
cleaned,Gravity Stone Chunk x4,Gravity Stone Chunk,Item
cleaned,Smithing Stone (6) x5,Smithing Stone [6],Item
cleaned,"80,000, Dragon Heart",Dragon Heart,Item
cleaned,"14,000, Dragon Heart",Dragon Heart,Item
cleaned,Talisman Pouch (NG Only),Talisman Pouch,Item
cleaned,Dragon Heart x3,Dragon Heart,Item
alias,liurnia,Liurnia of the Lakes,Region
cleaned,Golden Rune [1] x2,Golden Rune [1],Item
cleaned,Walkway: Rotten Staff,Rotten Staff,Weapon
cleaned,Gateway: Lord's Rune,Lord's Rune,Item
cleaned,Great Grave Glovewort x2,Great Grave Glovewort,Item
cleaned,Redmane Knight Ogha Spirit Ashes,Redmane Knight Ogha,SpiritAsh
cleaned,Larval Tear x2,Larval Tear,Item
cleaned,Stalwart Horn Charm +2,Stalwart Horn Charm +2 Variant,Talisman
alias,Count Ymir,"Count Ymir, High Priest",NPC
cleaned,Crimson Seed Talisman +1,Crimson Seed Talisman +1 Variant,Talisman
cleaned,Cerulean Seed Talisman +1,Cerulean Seed Talisman +1 Variant,Talisman
typo,Black Knight Edreed,Black Knight Edredd,Boss
cleaned,Flamedrake Talisman +3,Flamedrake Talisman +3 Variant,Talisman
alias,Ansbach,Sir Ansbach,NPC
cleaned,Fire Knight Queelign (NPC),Fire Knight Queelign,NPC
cleaned,Cerulean Amber Medallion +3,Cerulean Amber Medallion +3 Variant,Talisman
cleaned,Clarifying Horn Charm +2,Clarifying Horn Charm +2 Variant,Talisman
cleaned,Crimson Seed Talisman +1,Crimson Seed Talisman +1 Variant,Talisman
typo,Fingercreepers,Fingercreeper,Creature
typo,Lesser Fingercreepers,Lesser Fingercreeper,Creature
typo,Colossal Fingercreepers,Colossal Fingercreeper,Creature
cleaned,Cerulean Seed Talisman +1,Cerulean Seed Talisman +1 Variant,Talisman
cleaned,x6 Blessed Bone Shard,Blessed Bone Shard,Item
alias,Corhyn,Brother Corhyn,NPC
alias,Diallos,Knight Diallos,NPC
alias,Fia,"Fia, Deathbed Companion",NPC
alias,Nepheli Loux,"Nepheli Loux, Warrior",NPC
alias,Ensha,Ensha of the Royal Remains,NPC
typo,Demi-Human Chief,Demi-Human Chiefs,Boss
alias,Boc,Boc the Seamster,NPC
alias,Yura,Bloody Finger Hunter Yura,NPC
alias,Blaidd,Blaidd the Half-Wolf,NPC
cleaned,Banished Knight Oleg Ashes,Banished Knight Oleg,SpiritAsh
typo,Teardrop Scarab,Teardrop Scarabs,Creature
alias,Blaidd,Blaidd the Half-Wolf,NPC
typo,Skeletal Militiamen,Skeletal Militiaman,Creature
cleaned,Banished Knight Engvall Ashes,Banished Knight Engvall,SpiritAsh
typo,Teardrop Scarab,Teardrop Scarabs,Creature
typo,Teardrop Scarab,Teardrop Scarabs,Creature
typo,Crucible Knight,Crucible Knights,Boss
alias,Nepheli Loux,"Nepheli Loux, Warrior",NPC
alias,Soldier of Godrick,Godrick Soldier,Creature
cleaned,x1 Arteria Leaf,Arteria Leaf,Item
cleaned,x1 Immunizing Cured Meat,Immunizing Cured Meat,Item
typo,Crystalians,Crystalian,Boss
alias,Diallos,Knight Diallos,NPC
typo,Teardrop Scarab,Teardrop Scarabs,Creature
typo,Raya Lucaria Soldiers,Raya Lucaria Soldier,Creature
alias,Ranni the Witch,Ranni Witch Carian Lunar Princess,NPC
cleaned,Festering Fingerprint Vyke (Invader),Festering Fingerprint Vyke,Creature
typo,Teardrop Scarab,Teardrop Scarabs,Creature
alias,Diallos,Knight Diallos,NPC
cleaned,Cerulean Amber Medallion +2,Cerulean Amber Medallion +2 Variant,Talisman
typo,Teardrop Scarab,Teardrop Scarabs,Creature
alias,Ranni the Witch,Ranni Witch Carian Lunar Princess,NPC
typo,Crystalians,Crystalian,Creature
cleaned,Cerulean Amber Medallion +2,Cerulean Amber Medallion +2 Variant,Talisman
alias,Blaidd,Blaidd the Half-Wolf,NPC
alias,Ranni the Witch,Ranni Witch Carian Lunar Princess,NPC
alias,War Counselor Iji,Iji War Counselor & Carian Blacksmith,NPC
alias,Boc,Boc the Seamster,NPC
alias,Rennala,"Rennala, Queen of the Full Moon",NPC
typo,Teardrop Scarab,Teardrop Scarabs,Creature
cleaned,Crystalian (Ringblade),Crystalian,Boss
nospace,Spirit-Caller Snail,Spiritcaller Snail,Boss
alias,Nepheli Loux,"Nepheli Loux, Warrior",NPC
cleaned,Mad Pumpkin Head (Duo),Mad Pumpkin Head,Boss
typo,Skeletons,Skeleton,Creature
alias,Alexander,Iron Fist Alexander,NPC
alias,Blaidd,Blaidd the Half-Wolf,NPC
alias,Alexander,Iron Fist Alexander,NPC
cleaned,Spelldrake Talisman +1,Spelldrake Talisman +1 Variant,Talisman
typo,Skeletons,Skeleton,Creature
alias,Blaidd,Blaidd the Half-Wolf,NPC
cleaned,Redmane Knight Ogha Ashes,Redmane Knight Ogha,SpiritAsh
cleaned,Crystalian (Spear),Crystalian,Boss
cleaned,Arsenal Charm +1,Arsenal Charm +1 Variant,Talisman
cleaned,Dragoncrest Shield Talisman +1,Dragoncrest Shield Talisman +1 Variant,Talisman
alias,Shaded Castle Spirit,The Shaded Castle Spirit,NPC
cleaned,Aeonian Butterfly (2),Aeonian Butterfly,Item
cleaned,Perfumer Tricia Ashes,Perfumer Tricia,SpiritAsh
cleaned,Pearldrake Talisman +1,Pearldrake Talisman +1 Variant,Talisman
cleaned,Golden Vow (Spell),Golden Vow,Spell
typo,Skeletons,Skeleton,Creature
alias,Diallos,Knight Diallos,NPC
typo,Teardrop Scarab,Teardrop Scarabs,Creature
typo,Living Jars,Living Jar,Creature
cleaned,Haligdrake Talisman +1,Haligdrake Talisman +1 Variant,Talisman
cleaned,Crimson Amber Medallion +2,Crimson Amber Medallion +2 Variant,Talisman
cleaned,Erdtree's Favor +2,Erdtree's Favor +2 Variant,Talisman
cleaned,Flamedrake Talisman +1,Flamedrake Talisman +1 Variant,Talisman
cleaned,Flamedrake Talisman +1,Flamedrake Talisman +1 Variant,Talisman
cleaned,Flamedrake Talisman +2,Flamedrake Talisman +2 Variant,Talisman
cleaned,Cerulean Amber Medallion +1,Cerulean Amber Medallion +1 Variant,Talisman
cleaned,Zamor Ice Storm (Spell),Zamor Ice Storm,Spell
typo,Latenna's,Latenna,NPC
cleaned,4x Rimed Crystal Bud,Rimed Crystal Bud,Item
cleaned,12x Trina's Lily,Trina's Lily,Item
cleaned,3x Rimed Rowa,Rimed Rowa,Item
cleaned,Spelldrake Talisman +2,Spelldrake Talisman +2 Variant,Talisman
typo,Teardrop Scarab,Teardrop Scarabs,Creature
typo,Teardrop Scarab,Teardrop Scarabs,Creature
cleaned,Pearldrake Talisman +2,Pearldrake Talisman +2 Variant,Talisman
cleaned,Viridian Amber Medallion +2,Viridian Amber Medallion +2 Variant,Talisman
alias,Fia,"Fia, Deathbed Companion",NPC
cleaned,Immunizing Horn Charm +1,Immunizing Horn Charm +1 Variant,Talisman
cleaned,Haligdrake Talisman +2,Haligdrake Talisman +2 Variant,Talisman
alias,Blaidd,Blaidd the Half-Wolf,NPC
typo,Teardrop Scarab,Teardrop Scarabs,Creature
cleaned,Raw Meat Dumpling (Large),Raw Meat Dumpling,Item
cleaned,Banished Knight's Halberd (+8),Banished Knight's Halberd,Weapon
cleaned,Raw Meat Dumpling x 5,Raw Meat Dumpling,Item
cleaned,Black-Key Bolt x20,Black-Key Bolt,Item
nospace,Wolf s Assault,Wolf's Assault,Skill
