kept,merged,name,merged_name,conflicts
Item:ammos:7,Item:ammos:67,Bone Arrow,Bone Arrow,{}
Item:multi:14,Item:consumables:65,Scriptstone,Scriptstone,{}
Item:consumables:78,Item:consumables:79,Fire Grease,Fire Grease,{}
Item:keyItems:61,Item:consumables:83,Dragon Heart,Dragon Heart,{}
Item:upgradeMaterials:2,Item:consumables:89,Golden Seed,Golden Seed,"{""effect"": [""Increases Sacred Flask's total uses up to 14"", ""Increases Sacred Flask's number of uses""]}"
Item:multi:9,Item:consumables:101,Grace Mimic,Grace Mimic,{}
Item:upgradeMaterials:3,Item:consumables:115,Sacred Tear,Sacred Tear,"{""effect"": [""Improves Sacred Flask's potency up to +12"", ""Improves Sacred Flask's potency""], ""description"": [""Blessing of the Erdtree, worshipped in the churches of all lands; this  is but a faint vestige. Increases the potency of a Sacred Flask's restorative effects. (Can be used after resting at a site of grace.) During the age of the Erdtree, these tears were used to spread the  faith, for theirs was once a certain blessing."", ""Blessing of the Erdtree, worshipped in the churches of all lands; this is but a faint vestige. Increases the potency of a Sacred Flask's restorative effects. (Can be used after resting at a site of grace.) During the age of the Erdtree, these tears were used to spread the faith, for theirs was once a certain blessing.""]}"
Item:remembrances:16,Item:consumables:122,Remembrance of the Full Moon Queen,Remembrance of the Full Moon Queen,{}
Item:tools:30,Item:consumables:124,"Prattling Pate""Wonderful""","Prattling Pate ""Wonderful""",{}
Item:tools:28,Item:consumables:131,"Prattling Pate""Apologies""","Prattling Pate ""Apologies""",{}
Item:tools:29,Item:consumables:134,"Prattling Pate ""You're Beautiful""","Prattling Pate ""You're beautiful""",{}
Item:tools:27,Item:consumables:136,"Prattling Pate ""Please Help""","Prattling Pate ""Please help""",{}
Item:tools:15,Item:consumables:146,Wraith Calling Bell,Wraith Calling Bell,{}
Item:remembrances:18,Item:consumables:148,Remembrance of theStarscourge,Remembrance of the Starscourge,{}
Item:consumables:149,Item:consumables:150,Invigorating White Cured Meat,Invigorating White Cured Meat,{}
Item:remembrances:11,Item:consumables:162,Remembrance of the Regal Ancestor,Remembrance of the Regal Ancestor,{}
Item:remembrances:12,Item:consumables:164,Remembrance of theNaturalborn,Remembrance of the Naturalborn,"{""description"": [""Remembrance of Astel, Naturalborn of the Void, hewn into the Erdtree.  The power of its namesake can be unlocked by the Finger Reader.Alternatively, it can be used to gain a great bounty of runes. A malformed star born in the flightless void far away. Once destroyed an Eternal City and took away their sky. A falling star of ill omen."", ""Remembrance of Astel, Naturalborn of the Void, hewn into the Erdtree. The power of its namesake can be unlocked by the Finger Reader.Alternatively, it can be used to gain a great bounty of runes. A malformed star born in the flightless void far away. Once destroyed an Eternal City and took away their sky. A falling star of ill omen.""]}"
Item:tools:20,Item:consumables:165,Margit's Shackle,Margit's Shackle,"{""description"": [""A fetish bathed in golden magic. Shackles were used to bind the accursed people called the Omen, and these ones were made to keep a particular Omen under strictest confinement. Though faint, the shackles still retain vestiges of power — enough to trap the once-bound Margit on earth, if only for a short time."", ""A fetish bathed in golden magic. Shackles were used to bind the accursed people called the Omen, and these ones were made to keep a particular Omen under strictest confinement. Though faint, the shackles still retain vestiges of power enough to trap the once-bound Margit on earth, if only for a short time.""]}"
Item:tools:24,Item:consumables:171,Blasphemous Claw,Blasphemous Claw,"{""description"": [""A slab of rock engraved with traces of the Rune of Death.  Can deflect the power of the Black Blade.  On the night of the dire plot, Ranni rewarded Praetor Rykard with these traces. Should the coming trespass one day transpire, they would serve as a last-resort foil, allowing Rykard to challenge Maliketh the Black Blade, the black beast of Destined Death."", ""A slab of rock engraved with traces of the Rune of Death. Can deflect the power of the Black Blade. On the night of the dire plot, Ranni rewarded Praetor Rykard with these traces. Should the coming trespass one day transpire, they would serve as a last-resort foil, allowing Rykard to challenge Maliketh the Black Blade, the black beast of Destined Death.""]}"
Item:tools:13,Item:consumables:174,Memory of Grace,Memory of Grace,{}
Item:tools:17,Item:consumables:175,Omen Bairn,Omen Bairn,{}
Item:remembrances:22,Item:consumables:176,Remembrance of the Black Blade,Remembrance of the Black Blade,{}
Item:remembrances:17,Item:consumables:177,Remembrance of theBlasphemous,Remembrance of the Blasphemous,"{""description"": [""Remembrance of Rykard, Lord of Blasphemy, hewn into the  Erdtree. The power of its namesake can be unlocked by the Finger Reader. Alternatively, it can be used to gain a great bounty of runes. Rykard took the form of a giant serpent that he might devour, grow, and live eternally. \""I understand. The road of blasphemy is long and perilous. One cannot walk it unprepared to sin.\"""", ""Remembrance of Rykard, Lord of Blasphemy, hewn into the Erdtree. The power of its namesake can be unlocked by the Finger Reader. Alternatively, it can be used to gain a great bounty of runes. Rykard took the form of a giant serpent that he might devour, grow, and live eternally. \""I understand. The road of blasphemy is long and perilous. One cannot walk it unprepared to sin.\""""]}"
Item:remembrances:14,Item:consumables:178,Remembrance of the Fire Giant,Remembrance of the Fire Giant,"{""description"": [""Remembrance of Fire Giant, hewn into the Erdtree. The power of its namesake can be unlocked by the Finger Reader. Alternatively, it can be used to gain a great bounty of runes. The Fire Giant is a survivor of the War against the Giants. Upon  realizing the flames of their forge would never die, Queen Marika  marked him with a curse. \""O trifling giant, mayest thou tend thy  flame for eternity.\"""", ""Remembrance of Fire Giant, hewn into the Erdtree. The power of its namesake can be unlocked by the Finger Reader. Alternatively, it can be used to gain a great bounty of runes. The Fire Giant is a survivor of the War against the Giants. Upon realizing the flames of their forge would never die, Queen Marika marked him with a curse. \""O trifling giant, mayest thou tend thy flame for eternity.\""""]}"
Item:remembrances:19,Item:consumables:179,Remembrance of the Omen King,Remembrance of the Omen King,{}
Item:remembrances:24,Item:consumables:182,Remembrance of theDragonlord,Remembrance of the Dragonlord,"{""description"": [""Remembrance of Dragonlord Placidusax, hewn into the Erdtree. The power of its namesake can be unlocked by the Finger Reader. Alternatively, it can be used to gain a great bounty of runes. The Dragonlord whose seat lies at the heart of the storm beyond  time is said to have been Elden Lord in the age before the Erdtree.  Once his god was fled, the lord continued to await its return."", ""Remembrance of Dragonlord Placidusax, hewn into the Erdtree. The power of its namesake can be unlocked by the Finger Reader. Alternatively, it can be used to gain a great bounty of runes. The Dragonlord whose seat lies at the heart of the storm beyond time is said to have been Elden Lord in the age before the Erdtree. Once his god was fled, the lord continued to await its return.""]}"
Item:remembrances:13,Item:consumables:183,Remembrance of theLichdragon,Remembrance of the Lichdragon,"{""description"": [""Remembrance of Lichdragon Fortissax, hewn into the Erdtree. The power of its namesake can be unlocked by the Finger Reader. Alternatively, it can be used to gain a great bounty of runes. After Godwyn the Golden became the Prince of Death, the ancient dragon fought long and hard against the Death within its companion. Alas, victory was never achieved and its only reward was corruption."", ""Remembrance of Lichdragon Fortissax, hewn into the Erdtree. The power of its namesake can be unlocked by the Finger Reader. Alternatively, it can be used to gain a great bounty of runes. After Godwyn the Golden became the Prince of Death, the ancient dragon fought long and hard against the Death within its companion. Alas, victory was never achieved and its only reward was corruption.""]}"
Item:remembrances:25,Item:consumables:184,Elden Remembrance,Elden Remembrance,{}
Item:remembrances:21,Item:consumables:185,Remembrance of the Rot Goddess,Remembrance of the Rot Goddess,"{""description"": [""Remembrance of Malenia, Goddess of Rot, hewn into the Erdtree. The power of its namesake can be unlocked by the Finger Reader. Alternatively, it can be used to gain a great bounty of runes. Miquella and Malenia are both the children of a single god. As such they are both Empyreans, but suffered afflictions from birth. One was cursed with eternal childhood, and the other harbored rot within. Carved into the Golden Tree Goddess of Rot, Recollection of Malenia Miquella and Malenia, are children of a single god because of this, the pair are god people, but, their lives are frail one, is forever immature, the other carries rot zei・jyaku the body is easy to enter, whether it's pathogens... or overly sentimental cursed I am Malenia. Blade of Miquella weak easy to beat"", ""Remembrance of Malenia, Goddess of Rot, hewn into the Erdtree. The power of its namesake can be unlocked by the Finger Reader. Alternatively, it can be used to gain a great bounty of runes. Miquella and Malenia are both the children of a single god. As such they are both Empyreans, but suffered afflictions from birth. One was cursed with eternal childhood, and the other harbored rot within. Carved into the Golden Tree Goddess of Rot, Recollection of Malenia Miquella and Malenia, are children of a single god because of this, the pair are god people, but, their lives are frail one, is forever immature, the other carries rot zeijyaku the body is easy to enter, whether it's pathogens... or overly sentimental cursed I am Malenia. Blade of Miquella weak easy to beat""]}"
Item:multi:2,Item:consumables:201,Furlcalling Finger Remedy,Furlcalling Finger Remedy,{}
Item:tools:33,Item:consumables:203,Pureblood Knight's Medal,Pureblood Knight's Medal,{}
Item:remembrances:15,Item:consumables:204,Remembrance of the Grafted,Remembrance of the Grafted,"{""description"": [""Remembrance of Godrick, the Grafted, hewn into the Erdtree. The power of its namesake can be unlocked by the Finger Reader.  Alternatively, it can be used to gain a great bounty of runes. A feeble man sought power through the grotesque act of grafting. \""One day we'll return together, to our home, bathed in rays of gold.\"""", ""Remembrance of Godrick, the Grafted, hewn into the Erdtree. The power of its namesake can be unlocked by the Finger Reader. Alternatively, it can be used to gain a great bounty of runes. A feeble man sought power through the grotesque act of grafting. \""One day we'll return together, to our home, bathed in rays of gold.\""""]}"
Item:materials:65,Item:consumables:205,Glintstone Scrap,Glintstone Scrap,{}
Item:cookbooks:76,Item:cookbooks:78,Nomadic Warrior's Cookbook [15],Nomadic Warrior's Cookbook [15],{}
Item:cookbooks:77,Item:cookbooks:79,Nomadic Warrior's Cookbook [16],Nomadic Warrior's Cookbook [16],{}
Item:remembrances:10,Item:keyItems:5,Heart of Bayle,Heart of Bayle,{}
Item:keyItems:6,Item:keyItems:64,Larval Tear,Larval Tear,"{""usage"": [""Material needed by Rennala to grant rebirth"", ""Material needed by Rennala to grant rebirth.""], ""location"": [""Prospect Town: Can be found on an area of illuminated graves. [See Shadow of the Erdtree Map]Can be found southeast of Scorched Ruins. It's possible that this can only be found at night as it's encompassed by glowing gravestones.  [See Shadow of the Erdtree Map]"", ""See Larval Tear for a full list of locations""]}"
Item:keyItems:67,Item:whetblades:0,Whetstone Knife,Whetstone Knife,"{""usage"": [""Can add new battle arts and affinities to weapons"", ""Unlocks ability to use Ashes of War to grant Skills and Affinities to armaments""], ""location"": [""Gatefront Ruins, Limgrave A set of stairs leads to a room with a chest containing it and the Ash of War: Storm Stomp[Map Link]"", ""Gatefront Ruins Near the center of the ruins, a set of stairs leads to a small room with a chest containing it and the Ash of War: Storm Stomp.[Map Link]""]}"
Item:materials:69,Item:materials:71,Golden Sunflower,Golden Sunflower,{}
Item:materials:83,Item:materials:96,Slumbering Egg,Slumbering Egg,{}
Item:materials:95,Item:materials:97,Strip of White Flesh,Strip of White Flesh,{}
